Peak #,RetTime [min],Type,Width [min],Area [mAU * s],Height [mAU],Area %
1,0.497,BV,0.054,128.57965,35.40946,0.3602
2,0.586,VV,0.1,305.43442,42.42094,0.8557
3,0.8,VB,0.0551,42.06884,10.91965,0.1179
4,1.131,BV,0.0585,11.48235,2.95188,0.0322
5,1.997,VV,0.0696,7.86922,1.7128,0.022
6,2.515,VB,0.0772,3370.05811,674.85986,9.442
7,3.259,VB,0.1001,14.07096,2.09685,0.0394
