Peak #,RetTime [min],Type,Width [min],Area [mAU * s],Height [mAU],Area %
1,0.561,BV,0.1278,220.54144,26.45524,0.6394
2,0.911,VV,0.2072,41.7239,2.82634,0.121
3,1.123,VV,0.0959,21.16374,2.93137,0.0614
4,1.237,VV,0.1011,14.80732,1.9302,0.0429
5,2.568,VB,0.0778,1430.76416,283.71426,4.1484
