Peak #,RetTime [min],Type,Width [min],Area [mAU * s],Height [mAU],Area %
1,0.504,BV,0.0611,132.36047,32.201,0.3697
2,0.602,VV,0.0781,149.85504,27.51539,0.4186
3,0.705,VV,0.0651,75.85299,17.02972,0.2119
4,0.828,VV,0.0579,71.07004,17.94499,0.1985
5,2.454,VB,0.0752,2204.98657,445.68945,6.1595
