Peak #,RetTime [min],Type,Width [min],Area [mAU * s],Height [mAU],Area %
1,0.521,BV,0.06,113.92284,27.46933,1.6226
2,0.599,VV,0.0591,57.07987,14.02981,0.813
3,0.683,VV,0.062,51.53019,11.94874,0.7339
4,0.819,VB,0.0511,41.22542,12.1846,0.5872
5,2.411,VB,0.0741,1871.2428,385.84323,26.6514
